DATE,Price,Open,High ,Low,Volume,Change %
01-Jan-19,3809.40,3709.50,3814.30,3664.40,469.11K,2.69%
02-Jan-19,3873.80,3809.70,3894.80,3768.10,554.47K,1.69%
03-Jan-19,3780.10,3874.10,3875.80,3753.00,450.32K,-2.42%
04-Jan-19,3802.70,3780.50,3823.90,3720.00,488.70K,0.60%
05-Jan-19,3785.40,3802.80,3846.70,3769.00,468.45K,-0.46%
06-Jan-19,4004.10,3785.70,4034.10,3758.50,529.89K,5.78%
07-Jan-19,3985.90,4004.30,4028.00,3945.50,500.88K,-0.45%
08-Jan-19,3971.00,3985.80,4070.50,3943.10,514.08K,-0.37%
09-Jan-19,3978.00,3971.00,4014.20,3957.50,473.42K,0.17%
10-Jan-19,3603.70,3978.90,4007.70,3562.10,697.31K,-9.41%
11-Jan-19,3616.50,3603.30,3655.70,3563.10,551.64K,0.35%
12-Jan-19,3597.20,3616.60,3633.90,3561.30,435.06K,-0.53%
13-Jan-19,3490.20,3597.30,3617.60,3473.20,452.79K,-2.98%
14-Jan-19,3638.10,3490.40,3672.00,3490.40,539.93K,4.24%
15-Jan-19,3571.30,3637.50,3660.80,3545.70,544.85K,-1.84%
16-Jan-19,3588.00,3570.60,3644.10,3561.40,487.34K,0.47%
17-Jan-19,3626.40,3588.10,3636.70,3554.80,525.10K,1.07%
18-Jan-19,3605.60,3626.30,3627.90,3575.70,488.16K,-0.57%
19-Jan-19,3677.80,3605.80,3715.20,3604.10,537.06K,2.00%
20-Jan-19,3542.30,3676.20,3699.10,3503.90,563.31K,-3.68%
21-Jan-19,3536.70,3542.70,3561.40,3505.40,394.17K,-0.16%
22-Jan-19,3580.10,3536.90,3607.90,3465.20,447.70K,1.23%
23-Jan-19,3561.50,3580.10,3608.30,3532.80,445.87K,-0.52%
24-Jan-19,3574.30,3561.40,3587.00,3539.70,428.60K,0.36%
25-Jan-19,3572.00,3574.30,3582.60,3542.20,448.89K,-0.06%
26-Jan-19,3570.90,3572.00,3652.50,3556.10,432.55K,-0.03%
27-Jan-19,3555.60,3570.90,3583.20,3509.20,464.02K,-0.43%
28-Jan-19,3442.80,3555.80,3561.20,3395.70,620.85K,-3.17%
29-Jan-19,3414.80,3442.80,3450.10,3368.20,585.46K,-0.81%
30-Jan-19,3460.00,3414.60,3479.00,3394.20,600.25K,1.32%
31-Jan-19,3437.20,3460.00,3484.70,3427.00,477.07K,-0.66%
01-Feb-19,3467.90,3437.70,3485.70,3415.30,481.58K,0.90%
02-Feb-19,3502.50,3467.90,3514.50,3447.80,443.60K,1.00%
03-Feb-19,3459.10,3502.30,3507.80,3431.30,451.66K,-1.24%
04-Feb-19,3462.80,3459.00,3479.70,3437.10,503.92K,0.11%
05-Feb-19,3468.40,3463.00,3485.90,3450.30,460.95K,0.16%
06-Feb-19,3404.30,3468.50,3478.00,3383.90,514.21K,-1.85%
07-Feb-19,3397.70,3404.90,3421.80,3390.30,471.36K,-0.20%
08-Feb-19,3661.70,3397.30,3721.10,3382.50,699.23K,7.77%
09-Feb-19,3661.40,3661.60,3675.30,3633.20,454.80K,-0.01%
10-Feb-19,3679.00,3661.00,3680.60,3617.10,501.90K,0.48%
11-Feb-19,3631.80,3678.80,3681.10,3623.80,517.28K,-1.28%
12-Feb-19,3632.00,3631.80,3656.40,3594.40,545.82K,0.01%
13-Feb-19,3611.50,3632.00,3663.50,3599.20,558.02K,-0.56%
14-Feb-19,3592.60,3611.50,3624.50,3580.20,498.14K,-0.52%
15-Feb-19,3604.70,3592.60,3648.30,3581.40,516.21K,0.34%
16-Feb-19,3616.80,3604.70,3641.90,3599.70,485.63K,0.34%
17-Feb-19,3664.20,3616.80,3689.90,3607.90,580.51K,1.31%
18-Feb-19,3896.00,3664.20,3903.70,3655.10,933.15K,6.33%
19-Feb-19,3914.30,3896.40,3993.80,3863.70,1.44M,0.47%
20-Feb-19,3972.40,3914.30,3983.60,3881.20,698.01K,1.48%
21-Feb-19,3936.60,3972.00,4011.50,3909.20,668.16K,-0.90%
22-Feb-19,3965.20,3937.40,3983.10,3931.70,649.55K,0.73%
23-Feb-19,4120.40,3965.20,4152.60,3939.40,727.85K,3.91%
24-Feb-19,3755.20,4120.50,4194.20,3738.70,977.78K,-8.86%
25-Feb-19,3833.70,3755.70,3870.70,3753.80,765.87K,2.09%
26-Feb-19,3810.30,3833.50,3845.50,3775.00,2.09M,-0.61%
27-Feb-19,3814.60,3810.30,3836.40,3701.90,2.82M,0.11%
28-Feb-19,3816.60,3814.60,3883.70,3783.30,2.31M,0.05%
01-Mar-19,3821.90,3816.70,3855.80,3816.40,1.74M,0.14%
02-Mar-19,3823.10,3821.90,3843.20,3783.60,1.61M,0.03%
03-Mar-19,3809.50,3823.20,3836.60,3789.70,1.51M,-0.36%
04-Mar-19,3715.90,3809.70,3828.40,3681.80,2.85M,-2.45%
05-Mar-19,3857.20,3715.90,3873.20,3705.70,3.82M,3.80%
06-Mar-19,3863.00,3857.20,3887.30,3816.70,2.52M,0.15%
07-Mar-19,3875.10,3863.10,3907.40,3847.90,2.60M,0.32%
08-Mar-19,3865.90,3875.10,3929.00,3810.70,2.96M,-0.24%
09-Mar-19,3944.30,3865.60,3964.00,3859.70,2.48M,2.03%
10-Mar-19,3915.20,3944.40,3944.50,3889.20,1.89M,-0.74%
11-Mar-19,3870.30,3915.20,3935.50,3842.40,3.19M,-1.15%
12-Mar-19,3886.00,3870.30,3900.10,3817.10,2.90M,0.41%
13-Mar-19,3865.10,3885.90,3894.70,3847.40,2.28M,-0.54%
14-Mar-19,3879.00,3865.10,3914.70,3828.40,2.86M,0.36%
15-Mar-19,3924.30,3879.00,3935.70,3874.80,3.11M,1.17%
16-Mar-19,4006.40,3924.40,4050.60,3923.70,3.46M,2.09%
17-Mar-19,3981.50,4006.40,4009.80,3956.30,1.87M,-0.62%
18-Mar-19,3990.20,3981.50,4032.30,3958.50,2.62M,0.22%
19-Mar-19,4017.00,3990.20,4029.90,3972.40,2.99M,0.67%
20-Mar-19,4041.20,4017.00,4050.00,3985.30,3.18M,0.60%
21-Mar-19,3982.20,4041.20,4064.00,3923.80,3.88M,-1.46%
22-Mar-19,3990.40,3982.20,4005.70,3971.80,2.83M,0.21%
23-Mar-19,4002.50,3990.40,4018.20,3980.80,2.00M,0.30%
24-Mar-19,3994.70,4002.60,4005.70,3967.00,2.04M,-0.20%
25-Mar-19,3937.00,3994.80,4000.50,3897.90,2.86M,-1.44%
26-Mar-19,3942.80,3937.10,3950.70,3899.90,2.53M,0.15%
27-Mar-19,4041.70,3942.80,4043.30,3936.20,2.78M,2.51%
28-Mar-19,4025.60,4041.70,4041.70,4008.40,2.11M,-0.40%
29-Mar-19,4102.20,4025.70,4123.10,4022.60,3.30M,1.90%
30-Mar-19,4111.80,4103.70,4138.10,4057.10,2.55M,0.23%
31-Mar-19,4102.30,4111.80,4121.90,4082.20,2.43M,-0.23%
01-Apr-19,4145.10,4102.30,4159.10,4076.80,3.22M,1.04%
02-Apr-19,4859.30,4145.10,4899.60,4143.50,14.77M,17.23%
03-Apr-19,4968.70,4859.30,5278.40,4814.00,13.83M,2.25%
04-Apr-19,4902.40,4968.70,5042.50,4789.20,1.05M,-1.33%
05-Apr-19,5010.20,4902.50,5029.40,4888.30,851.72K,2.20%
06-Apr-19,5046.20,5010.00,5198.40,4947.90,952.18K,0.72%
07-Apr-19,5173.60,5046.10,5219.50,5033.70,841.27K,2.53%
08-Apr-19,5245.20,5173.50,5300.60,5060.50,928.23K,1.38%
09-Apr-19,5158.40,5245.00,5245.90,5095.20,784.62K,-1.65%
10-Apr-19,5307.80,5158.40,5404.10,5142.90,837.51K,2.89%
11-Apr-19,5022.60,5307.70,5337.00,4948.00,943.49K,-5.37%
12-Apr-19,5054.20,5022.70,5080.50,4889.20,779.14K,0.63%
13-Apr-19,5051.80,5054.20,5093.40,5011.60,577.16K,-0.05%
14-Apr-19,5134.80,5052.00,5153.50,5010.70,566.38K,1.64%
15-Apr-19,5032.30,5135.10,5168.00,4964.20,688.20K,-2.00%
16-Apr-19,5180.90,5031.40,5198.40,5014.40,631.05K,2.95%
17-Apr-19,5208.30,5182.10,5230.90,5165.50,806.52K,0.53%
18-Apr-19,5264.70,5208.30,5293.10,5205.00,727.97K,1.08%
19-Apr-19,5241.00,5264.80,5282.40,5192.10,787.09K,-0.45%
20-Apr-19,5290.20,5241.00,5327.00,5240.20,782.32K,0.94%
21-Apr-19,5243.50,5290.20,5308.20,5189.80,811.41K,-0.88%
22-Apr-19,5346.70,5248.20,5370.20,5170.20,920.77K,1.97%
23-Apr-19,5511.60,5346.50,5594.40,5291.40,900.00K,3.08%
24-Apr-19,5415.60,5511.20,5589.60,5346.80,994.04K,-1.74%
25-Apr-19,5209.10,5415.60,5528.20,5137.40,955.36K,-3.81%
26-Apr-19,5298.30,5209.20,5469.30,5159.30,1.03M,1.71%
27-Apr-19,5265.90,5298.20,5318.10,5225.40,833.13K,-0.61%
28-Apr-19,5302.30,5265.70,5332.50,5234.40,681.41K,0.69%
29-Apr-19,5235.00,5302.40,5322.90,5188.90,775.82K,-1.27%
30-Apr-19,5320.80,5235.40,5336.60,5195.90,697.42K,1.64%
01-May-19,5384.20,5321.10,5396.30,5319.50,623.64K,1.19%
02-May-19,5493.80,5384.60,5530.80,5370.00,722.23K,2.04%
03-May-19,5766.80,5493.60,5844.20,5478.70,1.04M,4.97%
04-May-19,5830.90,5768.00,5899.20,5605.00,920.61K,1.11%
05-May-19,5774.90,5830.80,5838.20,5708.20,709.02K,-0.96%
06-May-19,5745.10,5775.10,5801.40,5630.50,755.39K,-0.52%
07-May-19,5849.50,5745.50,6019.80,5745.50,955.88K,1.82%
08-May-19,5990.30,5849.40,6011.30,5799.10,757.13K,2.41%
09-May-19,6191.50,5990.50,6206.00,5990.00,799.96K,3.36%
10-May-19,6386.00,6194.30,6466.60,6157.80,907.94K,3.14%
11-May-19,7190.30,6386.60,7373.80,6386.50,1.31M,12.59%
12-May-19,6984.80,7190.00,7518.90,6802.60,1.35M,-2.86%
13-May-19,7806.00,6984.70,8058.30,6893.10,1.20M,11.76%
14-May-19,7994.60,7806.40,8323.90,7674.00,1.33M,2.42%
15-May-19,8164.60,7994.80,8225.30,7856.50,1.13M,2.13%
16-May-19,7871.80,8164.80,8293.30,7720.40,1.18M,-3.59%
17-May-19,7359.50,7871.90,7924.00,6998.60,1.43M,-6.51%
18-May-19,7262.60,7359.90,7458.50,7189.40,865.53K,-1.32%
19-May-19,8157.20,7261.90,8253.40,7252.30,1.08M,12.32%
20-May-19,7965.30,8156.40,8156.40,7604.00,958.81K,-2.35%
21-May-19,7930.30,7965.00,8056.80,7813.20,804.88K,-0.44%
22-May-19,7635.70,7928.70,7999.00,7545.90,821.40K,-3.72%
23-May-19,7852.10,7637.20,7939.10,7486.80,815.14K,2.83%
24-May-19,7970.10,7852.80,8124.10,7775.40,868.47K,1.50%
25-May-19,8027.40,7971.40,8090.10,7919.10,691.27K,0.72%
26-May-19,8630.20,8029.60,8718.60,7866.50,872.12K,7.51%
27-May-19,8760.10,8628.90,8902.80,8607.30,907.96K,1.51%
28-May-19,8716.30,8759.40,8794.10,8568.80,763.20K,-0.50%
29-May-19,8647.80,8715.60,8747.20,8435.30,15.43M,-0.79%
30-May-19,8271.90,8647.80,9045.90,8054.70,1.04M,-4.35%
31-May-19,8558.30,8271.40,8578.80,8135.00,858.41K,3.46%
01-Jun-19,8545.70,8556.90,8615.80,8454.00,686.75K,-0.15%
02-Jun-19,8728.60,8545.80,8807.70,8534.80,614.54K,2.14%
03-Jun-19,8124.80,8728.60,8734.90,8102.70,739.45K,-6.92%
04-Jun-19,7685.50,8118.10,8118.10,7494.00,966.95K,-5.41%
05-Jun-19,7779.10,7685.60,7885.00,7590.40,762.94K,1.22%
06-Jun-19,7784.90,7779.60,7861.40,7480.40,651.82K,0.08%
07-Jun-19,7985.20,7785.80,8099.40,7749.40,588.87K,2.57%
08-Jun-19,7901.40,7985.30,8044.40,7770.50,485.81K,-1.05%
09-Jun-19,7635.00,7901.60,7937.50,7516.90,554.48K,-3.37%
10-Jun-19,7987.80,7635.00,8012.80,7523.60,641.38K,4.62%
11-Jun-19,7888.00,7987.80,8010.40,7714.50,579.00K,-1.25%
12-Jun-19,8133.10,7888.00,8198.10,7805.80,607.89K,3.11%
13-Jun-19,8219.00,8132.40,8306.10,8028.60,574.21K,1.06%
14-Jun-19,8656.10,8218.60,8685.30,8153.20,643.17K,5.32%
15-Jun-19,8812.50,8655.80,8856.70,8582.30,608.69K,1.81%
16-Jun-19,8962.50,8812.20,9332.00,8771.10,849.77K,1.70%
17-Jun-19,9318.80,8961.00,9438.10,8959.80,738.80K,3.98%
18-Jun-19,9080.60,9318.90,9336.10,8962.70,723.17K,-2.56%
19-Jun-19,9255.40,9080.70,9295.10,9044.00,587.57K,1.93%
20-Jun-19,9517.00,9255.00,9583.90,9188.40,693.62K,2.83%
21-Jun-19,10179.30,9517.70,10184.30,9517.40,769.12K,6.96%
22-Jun-19,10721.70,10178.10,11160.50,10031.30,1.09M,5.33%
23-Jun-19,10897.10,10721.50,11361.30,10557.80,683.79K,1.64%
24-Jun-19,11046.40,10897.30,11114.40,10622.60,566.96K,1.37%
25-Jun-19,11809.90,11046.60,11833.90,11033.70,781.09K,6.91%
26-Jun-19,13063.80,11811.60,13929.80,11747.30,1.48M,10.62%
27-Jun-19,11287.80,13062.40,13422.00,10493.50,1.59M,-13.59%
28-Jun-19,12409.10,11288.40,12461.80,10970.50,1.09M,9.93%
29-Jun-19,11906.50,12408.00,12422.90,11490.80,834.62K,-4.05%
30-Jun-19,10818.60,11906.00,12179.30,10765.40,880.77K,-9.14%
01-Jul-19,10616.60,10821.40,11254.50,10041.60,1.04M,-1.87%
02-Jul-19,10835.90,10615.50,10923.50,9728.50,1.12M,2.07%
03-Jul-19,11900.80,10835.90,11931.80,10835.90,998.73K,9.83%
04-Jul-19,11163.10,11899.30,11948.00,11087.10,840.34K,-6.20%
05-Jul-19,10970.20,11159.70,11381.80,10810.30,772.67K,-1.73%
06-Jul-19,11268.00,10969.80,11650.20,10967.90,688.96K,2.71%
07-Jul-19,11415.90,11267.90,11524.60,11108.10,601.93K,1.31%
08-Jul-19,12252.60,11415.80,12332.30,11304.80,695.60K,7.33%
09-Jul-19,12541.50,12250.60,12772.90,12111.20,847.84K,2.36%
10-Jul-19,12110.60,12542.80,13134.40,11594.90,1.11M,-3.44%
11-Jul-19,11342.30,12111.60,12111.60,11029.00,943.13K,-6.34%
12-Jul-19,11762.10,11343.70,11881.40,11109.80,738.17K,3.70%
13-Jul-19,11364.90,11762.80,11798.40,10839.40,747.71K,-3.38%
14-Jul-19,10200.10,11364.30,11448.70,10128.90,840.76K,-10.25%
15-Jul-19,10845.90,10199.90,11064.70,9885.40,956.52K,6.33%
16-Jul-19,9424.80,10844.00,11019.50,9375.30,1.05M,-13.10%
17-Jul-19,9723.20,9425.10,9983.60,9082.60,1.03M,3.17%
18-Jul-19,10651.40,9723.10,10787.10,9390.00,974.49K,9.55%
19-Jul-19,10571.50,10651.60,10758.40,10160.70,727.79K,-0.75%
20-Jul-19,10826.70,10571.90,11155.60,10462.00,668.94K,2.41%
21-Jul-19,10714.40,10827.00,10883.80,10442.50,562.17K,-1.04%
22-Jul-19,10412.50,10715.10,10806.30,10196.50,591.27K,-2.82%
23-Jul-19,9888.70,10412.80,10414.70,9865.40,663.38K,-5.03%
24-Jul-19,9804.30,9887.20,9945.30,9584.00,639.54K,-0.85%
25-Jul-19,9945.30,9804.70,10203.50,9776.60,545.85K,1.44%
26-Jul-19,9831.00,9945.20,10436.10,9724.20,493.75K,-1.15%
27-Jul-19,9492.10,9830.40,10232.30,9389.10,661.89K,-3.45%
28-Jul-19,9727.80,9491.10,9798.50,9401.10,518.59K,2.48%
29-Jul-19,9580.90,9728.50,9835.40,9502.50,510.90K,-1.51%
30-Jul-19,9580.70,9580.00,9703.00,9483.00,511.51K,0.00%
31-Jul-19,10082.00,9580.30,10100.00,9562.40,589.84K,5.23%
01-Aug-19,10380.00,10081.90,10459.00,9890.60,608.37K,2.96%
02-Aug-19,10520.10,10380.50,10664.80,10330.50,578.29K,1.35%
03-Aug-19,10815.70,10519.90,10893.60,10504.50,508.75K,2.81%
04-Aug-19,10934.60,10816.10,11017.70,10568.80,585.71K,1.10%
05-Aug-19,11816.80,10934.80,11922.30,10934.80,769.63K,8.07%
06-Aug-19,11480.90,11817.60,12291.90,11237.00,807.58K,-2.84%
07-Aug-19,12013.90,11481.00,12114.50,11406.40,702.85K,4.64%
08-Aug-19,12191.60,12015.90,12236.60,11727.00,592.15K,1.48%
09-Aug-19,12089.80,12190.00,12225.30,11885.00,558.72K,-0.84%
10-Aug-19,11314.50,12090.50,12185.00,11281.60,570.74K,-6.41%
11-Aug-19,11517.20,11314.60,11728.40,11146.10,435.83K,1.79%
12-Aug-19,11394.20,11505.10,11508.60,11267.30,391.08K,-1.07%
13-Aug-19,10892.90,11395.00,11445.60,10793.20,540.78K,-4.40%
14-Aug-19,10049.40,10894.20,10894.50,9965.50,745.59K,-7.74%
15-Aug-19,10303.40,10053.30,10448.20,9580.10,930.05K,2.53%
16-Aug-19,10335.60,10300.90,10734.00,9788.60,798.67K,0.31%
17-Aug-19,10218.10,10335.50,10460.70,10016.30,497.77K,-1.14%
18-Aug-19,10312.70,10219.30,10494.90,10086.70,441.11K,0.93%
19-Aug-19,10910.70,10312.80,10923.90,10267.80,519.01K,5.80%
20-Aug-19,10752.60,10911.20,10941.60,10581.00,515.47K,-1.45%
21-Aug-19,10141.50,10753.30,10797.80,9908.00,717.65K,-5.68%
22-Aug-19,10105.00,10141.10,10218.20,9777.00,520.75K,-0.36%
23-Aug-19,10388.70,10104.90,10434.30,9921.40,436.26K,2.81%
24-Aug-19,10131.00,10389.40,10415.90,9917.50,463.85K,-2.48%
25-Aug-19,10136.30,10132.10,10307.00,9935.20,422.53K,0.05%
26-Aug-19,10371.80,10136.00,10568.20,10136.00,568.77K,2.32%
27-Aug-19,10184.80,10372.20,10387.60,10060.20,419.81K,-1.80%
28-Aug-19,9729.40,10184.70,10271.30,9629.60,580.29K,-4.47%
29-Aug-19,9491.00,9729.10,9729.10,9343.00,509.13K,-2.45%
30-Aug-19,9585.40,9494.10,9675.70,9370.20,413.92K,0.99%
31-Aug-19,9594.40,9585.50,9677.50,9457.30,311.49K,0.09%
01-Sep-19,9729.30,9594.70,9799.50,9533.60,322.66K,1.41%
02-Sep-19,10348.80,9728.80,10431.50,9720.30,542.79K,6.37%
03-Sep-19,10612.30,10348.10,10756.80,10283.50,578.79K,2.55%
04-Sep-19,10568.20,10611.60,10783.60,10388.60,504.45K,-0.42%
05-Sep-19,10566.90,10567.80,10630.70,10469.90,402.09K,-0.01%
06-Sep-19,10309.30,10566.70,10896.20,10227.40,643.02K,-2.44%
07-Sep-19,10461.10,10306.90,10556.40,10302.30,393.57K,1.47%
08-Sep-19,10402.80,10461.60,10578.00,10266.30,339.73K,-0.56%
09-Sep-19,10309.00,10402.10,10478.00,10095.70,473.76K,-0.90%
10-Sep-19,10105.40,10308.70,10379.80,9970.70,383.22K,-1.98%
11-Sep-19,10162.50,10104.90,10257.50,9908.90,413.06K,0.57%
12-Sep-19,10415.10,10162.40,10447.90,10051.00,413.22K,2.49%
13-Sep-19,10342.10,10415.20,10441.40,10174.10,365.52K,-0.70%
14-Sep-19,10337.30,10342.20,10421.40,10253.70,326.44K,-0.05%
15-Sep-19,10311.50,10337.30,10360.40,10272.00,255.79K,-0.25%
16-Sep-19,10255.50,10311.30,10360.50,10108.50,372.53K,-0.54%
17-Sep-19,10195.70,10254.60,10273.60,10153.50,321.64K,-0.58%
18-Sep-19,10164.70,10195.70,10257.50,10119.30,318.82K,-0.30%
19-Sep-19,10250.50,10164.60,10297.60,9707.60,542.25K,0.84%
20-Sep-19,10172.70,10251.50,10279.50,10088.60,362.07K,-0.76%
21-Sep-19,9993.00,10172.80,10177.90,9939.80,326.17K,-1.77%
22-Sep-19,10031.60,9993.00,10075.00,9870.90,337.06K,0.39%
23-Sep-19,9702.20,10031.30,10048.80,9656.30,431.10K,-3.28%
24-Sep-19,8513.90,9702.70,9793.80,8069.40,933.16K,-12.25%
25-Sep-19,8432.40,8512.30,8729.80,8245.10,696.11K,-0.96%
26-Sep-19,8063.80,8432.50,8463.10,7773.60,731.03K,-4.37%
27-Sep-19,8184.90,8063.80,8257.40,7882.10,561.40K,1.50%
28-Sep-19,8208.50,8184.50,8297.20,8031.10,457.79K,0.29%
29-Sep-19,8049.10,8208.00,8226.80,7922.10,418.48K,-1.94%
30-Sep-19,8284.30,8048.90,8318.50,7749.00,600.26K,2.92%
01-Oct-19,8302.70,8285.00,8486.20,8187.90,533.95K,0.22%
02-Oct-19,8364.10,8302.70,8374.00,8167.70,405.86K,0.74%
03-Oct-19,8226.90,8363.60,8391.70,8090.10,460.97K,-1.64%
04-Oct-19,8148.10,8227.60,8233.60,8041.40,416.92K,-0.96%
05-Oct-19,8127.30,8148.00,8185.10,8030.60,360.92K,-0.25%
06-Oct-19,7881.90,8127.30,8145.50,7834.90,448.80K,-3.02%
07-Oct-19,8198.60,7882.60,8293.50,7797.00,604.74K,4.02%
08-Oct-19,8182.90,8198.50,8323.10,8118.10,469.04K,-0.19%
09-Oct-19,8566.70,8180.10,8655.90,8122.70,636.43K,4.69%
10-Oct-19,8562.30,8566.80,8638.50,8438.70,511.46K,-0.05%
11-Oct-19,8267.80,8562.20,8751.10,8249.70,667.86K,-3.44%
12-Oct-19,8304.40,8267.60,8394.80,8260.90,424.02K,0.44%
13-Oct-19,8281.50,8304.30,8450.20,8190.60,419.87K,-0.28%
14-Oct-19,8353.30,8281.30,8374.30,8222.20,505.02K,0.87%
15-Oct-19,8167.20,8353.40,8400.20,8139.50,469.73K,-2.23%
16-Oct-19,8000.40,8167.10,8185.90,7929.80,538.92K,-2.04%
17-Oct-19,8073.30,8000.40,8118.20,7944.40,444.95K,0.91%
18-Oct-19,7948.50,8073.30,8116.40,7842.00,505.79K,-1.55%
19-Oct-19,7957.30,7948.30,8060.20,7892.40,428.83K,0.11%
20-Oct-19,8223.40,7957.40,8288.50,7889.60,513.91K,3.34%
21-Oct-19,8208.20,8224.10,8315.30,8155.70,489.40K,-0.18%
22-Oct-19,8031.40,8207.40,8289.10,8017.70,570.39K,-2.15%
23-Oct-19,7477.00,8031.00,8055.00,7329.20,892.08K,-6.90%
24-Oct-19,7422.70,7476.80,7501.50,7366.30,586.49K,-0.73%
25-Oct-19,8658.30,7422.80,8697.70,7404.90,1.18M,16.65%
26-Oct-19,9230.60,8658.40,10540.00,8061.80,1.78M,6.61%
27-Oct-19,9529.60,9230.60,9773.20,9081.00,1.16M,3.24%
28-Oct-19,9207.20,9530.10,9866.90,9202.50,1.04M,-3.38%
29-Oct-19,9411.30,9206.50,9531.30,9125.30,918.48K,2.22%
30-Oct-19,9157.90,9411.30,9411.30,9018.40,789.73K,-2.69%
31-Oct-19,9152.60,9157.90,9378.90,8959.60,798.93K,-0.06%
01-Nov-19,9230.10,9153.10,9270.40,9057.20,689.65K,0.85%
02-Nov-19,9300.60,9230.30,9356.70,9201.20,570.74K,0.76%
03-Nov-19,9198.30,9300.50,9359.10,9095.00,536.56K,-1.10%
04-Nov-19,9396.40,9198.70,9500.40,9134.10,681.01K,2.15%
05-Nov-19,9310.80,9396.10,9452.70,9193.90,653.42K,-0.91%
06-Nov-19,9338.90,9311.20,9424.60,9262.70,578.03K,0.30%
07-Nov-19,9223.50,9339.20,9367.00,9130.00,603.54K,-1.24%
08-Nov-19,8778.20,9223.60,9254.80,8722.40,791.79K,-4.83%
09-Nov-19,8804.50,8778.10,8877.50,8746.90,512.02K,0.30%
10-Nov-19,9036.80,8804.70,9092.90,8763.50,581.57K,2.64%
11-Nov-19,8736.90,9036.90,9066.40,8649.40,601.16K,-3.32%
12-Nov-19,8812.60,8737.40,8841.20,8615.70,575.16K,0.87%
13-Nov-19,8783.10,8813.20,8829.70,8721.10,454.33K,-0.33%
14-Nov-19,8661.20,8782.90,8799.80,8615.80,515.43K,-1.39%
15-Nov-19,8476.30,8660.80,8761.80,8437.10,653.71K,-2.13%
16-Nov-19,8497.30,8476.20,8532.80,8450.70,471.16K,0.25%
17-Nov-19,8509.80,8497.40,8631.70,8413.00,531.22K,0.15%
18-Nov-19,8208.40,8510.30,8516.30,8110.40,692.60K,-3.54%
19-Nov-19,8145.70,8207.70,8245.60,8032.80,654.27K,-0.76%
20-Nov-19,8099.30,8145.70,8223.00,8074.20,607.27K,-0.57%
21-Nov-19,7627.90,8099.40,8129.60,7519.70,891.50K,-5.82%
22-Nov-19,7272.50,7627.90,7700.90,6818.50,1.41M,-4.66%
23-Nov-19,7324.10,7271.60,7342.50,7093.70,783.18K,0.71%
24-Nov-19,6924.70,7325.00,7344.10,6894.90,904.50K,-5.45%
25-Nov-19,7115.60,6924.70,7352.80,6534.80,1.29M,2.76%
26-Nov-19,7162.80,7115.50,7329.50,7045.10,844.27K,0.66%
27-Nov-19,7510.60,7162.80,7636.90,6875.40,996.49K,4.86%
28-Nov-19,7426.70,7510.60,7639.50,7380.60,737.58K,-1.12%
29-Nov-19,7742.70,7426.60,7825.30,7412.30,766.71K,4.26%
30-Nov-19,7546.60,7742.70,7787.70,7472.70,650.60K,-2.53%
01-Dec-19,7396.40,7546.50,7546.50,7244.40,777.00K,-1.99%
02-Dec-19,7298.20,7395.90,7433.80,7173.60,687.78K,-1.33%
03-Dec-19,7291.80,7298.10,7389.40,7227.10,548.77K,-0.09%
04-Dec-19,7204.40,7291.90,7702.20,7113.60,971.75K,-1.20%
05-Dec-19,7399.20,7204.60,7476.30,7184.00,780.78K,2.70%
06-Dec-19,7530.80,7399.20,7552.10,7329.80,706.10K,1.78%
07-Dec-19,7510.90,7530.40,7595.70,7489.60,557.14K,-0.26%
08-Dec-19,7524.40,7510.80,7576.40,7416.70,499.04K,0.18%
09-Dec-19,7355.80,7524.80,7626.00,7321.60,648.66K,-2.24%
10-Dec-19,7235.70,7356.20,7400.30,7192.10,609.50K,-1.63%
11-Dec-19,7208.00,7235.80,7284.40,7168.80,518.40K,-0.38%
12-Dec-19,7208.00,7208.00,7272.40,7124.60,611.80K,0.00%
13-Dec-19,7255.20,7208.40,7288.00,7200.30,503.49K,0.65%
14-Dec-19,7080.80,7255.20,7267.40,7043.30,524.56K,-2.40%
15-Dec-19,7128.50,7080.80,7175.80,7033.80,492.58K,0.67%
16-Dec-19,6903.50,7128.50,7153.10,6864.60,689.56K,-3.16%
17-Dec-19,6613.30,6903.50,6943.50,6575.00,894.55K,-4.20%
18-Dec-19,7276.00,6613.50,7387.70,6462.20,1.14M,10.02%
19-Dec-19,7165.50,7276.40,7354.00,7039.30,778.72K,-1.52%
20-Dec-19,7196.40,7165.50,7218.40,7107.70,627.04K,0.43%
21-Dec-19,7156.20,7196.40,7197.60,7129.60,468.74K,-0.56%
22-Dec-19,7495.80,7156.30,7501.10,7142.00,677.94K,4.74%
23-Dec-19,7322.80,7496.20,7684.00,7276.20,952.16K,-2.31%
24-Dec-19,7268.30,7322.40,7433.20,7185.70,785.54K,-0.74%
25-Dec-19,7224.80,7268.30,7542.40,7150.90,625.41K,-0.60%
26-Dec-19,7210.90,7225.00,7414.30,7177.30,795.09K,-0.19%
27-Dec-19,7261.70,7210.80,7293.80,7128.50,718.07K,0.70%
28-Dec-19,7321.50,7261.90,7375.90,7256.50,610.96K,0.82%
29-Dec-19,7397.50,7321.60,7518.90,7303.00,611.69K,1.04%
30-Dec-19,7261.80,7397.50,7420.90,7244.10,606.11K,-1.84%
31-Dec-19,7196.40,7261.50,7331.00,7167.40,586.60K,-0.90%
01-Jan-20,7199.80,7196.40,7259.40,7180.00,420.28K,0.05%
02-Jan-20,6967.00,7199.70,7209.60,6901.40,632.78K,-3.23%
03-Jan-20,7343.10,6967.10,7402.90,6884.10,936.29K,5.40%
04-Jan-20,7376.80,7345.10,7433.10,7291.40,523.91K,0.46%
05-Jan-20,7372.50,7376.80,7501.00,7345.60,628.14K,-0.06%
06-Jan-20,7759.10,7372.60,7783.10,7366.70,786.75K,5.24%
07-Jan-20,8155.70,7759.10,8182.00,7754.10,1.01M,5.11%
08-Jan-20,8059.60,8154.20,8436.40,7900.80,1.19M,-1.18%
09-Jan-20,7842.40,8060.00,8065.90,7779.20,786.50K,-2.70%
10-Jan-20,8187.10,7842.50,8187.40,7697.70,1.05M,4.40%
11-Jan-20,8024.10,8187.80,8262.90,8008.40,776.75K,-1.99%
12-Jan-20,8187.60,8023.30,8189.90,7973.10,595.22K,2.04%
13-Jan-20,8111.40,8188.30,8196.70,8068.40,610.66K,-0.93%
14-Jan-20,8829.20,8111.20,8898.70,8111.20,1.48M,8.85%
15-Jan-20,8818.30,8827.90,8904.00,8615.50,1.17M,-0.12%
16-Jan-20,8726.90,8818.10,8850.00,8605.80,748.32K,-1.04%
17-Jan-20,8913.10,8726.70,9005.10,8675.90,794.11K,2.13%
18-Jan-20,8916.30,8913.00,8982.30,8814.60,627.74K,0.04%
19-Jan-20,8706.20,8916.30,9183.70,8552.80,975.01K,-2.36%
20-Jan-20,8641.90,8705.70,8740.10,8539.20,599.06K,-0.74%
21-Jan-20,8732.60,8642.00,8770.30,8524.00,540.20K,1.05%
22-Jan-20,8678.50,8733.00,8805.40,8610.80,509.06K,-0.62%
23-Jan-20,8405.10,8678.50,8687.30,8309.60,722.67K,-3.15%
24-Jan-20,8439.90,8404.90,8522.00,8242.60,617.02K,0.41%
25-Jan-20,8341.60,8439.90,8447.60,8277.20,444.00K,-1.17%
26-Jan-20,8607.80,8341.60,8607.80,8304.90,468.34K,3.19%
27-Jan-20,8866.60,8608.10,8983.10,8585.60,706.45K,3.01%
28-Jan-20,9377.30,8866.60,9389.50,8866.60,954.20K,5.76%
29-Jan-20,9298.90,9377.30,9428.70,9250.90,749.88K,-0.84%
30-Jan-20,9507.30,9299.10,9569.00,9209.20,765.21K,2.24%
31-Jan-20,9349.10,9508.30,9525.00,9222.30,633.37K,-1.66%
01-Feb-20,9381.60,9349.30,9458.80,9301.50,458.42K,0.35%
02-Feb-20,9334.90,9381.50,9465.40,9183.10,683.37K,-0.50%
03-Feb-20,9296.60,9334.60,9582.80,9243.10,701.39K,-0.41%
04-Feb-20,9193.90,9296.50,9347.50,9193.90,651.68K,-1.10%
05-Feb-20,9611.80,9194.10,9726.80,9179.90,771.46K,4.54%
06-Feb-20,9772.00,9611.80,9854.90,9536.10,778.67K,1.67%
07-Feb-20,9818.60,9771.90,9872.50,9738.70,608.96K,0.48%
08-Feb-20,9895.50,9817.30,9931.20,9673.20,551.31K,0.78%
09-Feb-20,10151.50,9895.40,10157.10,9882.70,617.35K,2.59%
10-Feb-20,9854.10,10151.50,10181.70,9774.80,781.22K,-2.93%
11-Feb-20,10229.50,9854.00,10314.10,9725.10,791.28K,3.81%
12-Feb-20,10317.70,10229.30,10435.60,10229.30,803.25K,0.86%
13-Feb-20,10235.10,10321.90,10482.60,10116.90,940.30K,-0.80%
14-Feb-20,10333.00,10235.50,10372.40,10125.20,732.51K,0.96%
15-Feb-20,9907.70,10336.00,10369.80,9831.70,808.81K,-4.12%
16-Feb-20,9932.30,9907.40,10056.40,9654.90,808.91K,0.25%
17-Feb-20,9701.40,9931.70,9951.50,9468.90,961.88K,-2.32%
18-Feb-20,10158.40,9701.50,10230.10,9601.60,945.91K,4.71%
19-Feb-20,9609.40,10158.60,10230.90,9424.30,905.95K,-5.40%
20-Feb-20,9602.40,9611.90,9681.40,9448.90,870.80K,-0.07%
21-Feb-20,9684.50,9602.20,9747.10,9574.50,716.61K,0.85%
22-Feb-20,9655.70,9684.50,9706.50,9569.80,589.88K,-0.30%
23-Feb-20,9942.70,9655.60,9965.60,9653.40,775.88K,2.97%
24-Feb-20,9662.70,9943.20,9981.00,9507.00,980.00K,-2.82%
25-Feb-20,9317.20,9662.60,9672.30,9269.80,937.97K,-3.57%
26-Feb-20,8800.30,9317.10,9368.10,8672.00,1.32M,-5.55%
27-Feb-20,8818.60,8800.10,8968.30,8538.50,1.13M,0.21%
28-Feb-20,8697.50,8820.10,8898.70,8451.90,1.08M,-1.37%
29-Feb-20,8543.70,8697.10,8793.70,8539.80,683.44K,-1.77%
01-Mar-20,8540.00,8543.80,8737.20,8437.20,784.05K,-0.04%
02-Mar-20,8904.80,8537.50,8961.80,8503.10,1.02M,4.27%
03-Mar-20,8761.40,8906.10,8911.70,8669.30,1.01M,-1.61%
04-Mar-20,8757.90,8761.30,8840.30,8679.70,759.69K,-0.04%
05-Mar-20,9060.30,8757.90,9147.30,8751.50,950.76K,3.45%
06-Mar-20,9134.80,9060.60,9165.20,9004.90,1.04M,0.82%
07-Mar-20,8887.80,9134.20,9180.80,8848.70,750.65K,-2.70%
08-Mar-20,8034.10,8887.80,8888.00,8015.30,1.11M,-9.61%
09-Mar-20,7933.00,8035.80,8158.80,7648.70,1.54M,-1.26%
10-Mar-20,7891.20,7933.00,8145.50,7740.20,1.20M,-0.53%
11-Mar-20,7935.10,7892.10,7976.50,7606.00,1.10M,0.56%
12-Mar-20,4826.00,7935.20,7963.10,4546.60,3.22M,-39.18%
13-Mar-20,5584.30,4815.20,5934.30,3869.50,4.17M,15.71%
14-Mar-20,5182.70,5589.40,5634.90,5072.20,1.69M,-7.19%
15-Mar-20,5366.30,5182.90,5863.30,5120.60,1.61M,3.54%
16-Mar-20,5030.00,5366.40,5369.30,4477.70,2.55M,-6.27%
17-Mar-20,5261.10,5030.20,5432.80,4946.50,1.89M,4.59%
18-Mar-20,5361.40,5260.70,5373.10,5020.90,1.80M,1.91%
19-Mar-20,6172.00,5359.20,6379.50,5256.00,2.18M,15.12%
20-Mar-20,6205.30,6171.60,6858.10,5748.20,2.22M,0.54%
21-Mar-20,6186.20,6205.60,6438.30,5887.00,1.64M,-0.31%
22-Mar-20,5822.10,6186.90,6394.40,5771.20,1.48M,-5.89%
23-Mar-20,6468.90,5822.00,6564.70,5710.80,1.88M,11.11%
24-Mar-20,6744.60,6468.80,6814.20,6380.80,1.73M,4.26%
25-Mar-20,6678.90,6744.80,6930.20,6474.60,1.52M,-0.97%
26-Mar-20,6725.10,6677.90,6772.90,6541.70,1.18M,0.69%
27-Mar-20,6373.40,6725.50,6813.70,6322.30,1.16M,-5.23%
28-Mar-20,6233.70,6373.40,6374.30,6046.50,1.26M,-2.19%
29-Mar-20,5890.40,6233.20,6258.80,5889.30,916.17K,-5.51%
30-Mar-20,6391.00,5890.40,6576.50,5872.50,1.43M,8.50%
31-Mar-20,6412.50,6391.10,6513.10,6346.30,1.05M,0.34%
01-Apr-20,6638.50,6412.40,6661.30,6157.40,1.40M,3.52%
02-Apr-20,6800.50,6638.80,7182.70,6567.90,1.74M,2.44%
03-Apr-20,6735.90,6799.90,7026.30,6623.60,1.35M,-0.95%
04-Apr-20,6857.40,6735.90,6958.60,6679.10,1.05M,1.80%
05-Apr-20,6772.70,6857.50,6889.40,6686.00,842.33K,-1.23%
06-Apr-20,7332.30,6772.80,7335.00,6770.10,1.53M,8.26%
07-Apr-20,7185.20,7332.30,7440.30,7101.70,1.32M,-2.01%
08-Apr-20,7361.20,7185.60,7396.10,7153.10,983.94K,2.45%
09-Apr-20,7289.00,7361.10,7361.10,7140.30,963.55K,-0.98%
10-Apr-20,6863.10,7289.00,7294.40,6756.10,1.37M,-5.84%
11-Apr-20,6867.80,6862.70,6931.40,6765.10,845.58K,0.07%
12-Apr-20,6917.60,6867.90,7158.80,6785.10,1.10M,0.73%
13-Apr-20,6841.30,6918.10,6920.30,6618.50,1.25M,-1.10%
14-Apr-20,6850.90,6841.80,6970.80,6768.60,999.53K,0.14%
15-Apr-20,6629.10,6851.30,6929.50,6615.90,1.00M,-3.24%
16-Apr-20,7085.60,6629.10,7159.70,6520.50,1.54M,6.89%
17-Apr-20,7035.80,7085.50,7142.80,7005.80,810.10K,-0.70%
18-Apr-20,7230.80,7035.90,7259.40,7031.50,796.45K,2.77%
19-Apr-20,7122.90,7230.90,7238.00,7079.10,5.93M,-1.49%
20-Apr-20,6833.50,7122.90,7207.50,6771.20,1.26M,-4.06%
21-Apr-20,6842.50,6833.40,6919.30,6774.30,892.57K,0.13%
22-Apr-20,7112.90,6842.50,7137.40,6821.80,914.18K,3.95%
23-Apr-20,7488.50,7112.80,7655.40,7036.50,1.34M,5.28%
24-Apr-20,7503.80,7491.30,7583.50,7423.50,951.95K,0.20%
25-Apr-20,7540.40,7503.90,7684.60,7451.00,861.93K,0.49%
26-Apr-20,7678.90,7540.40,7679.40,7520.50,921.59K,1.84%
27-Apr-20,7766.00,7679.40,7768.50,7637.70,980.50K,1.13%
28-Apr-20,7746.90,7766.00,7770.10,7655.30,808.09K,-0.25%
29-Apr-20,8770.90,7746.70,8918.50,7729.70,1.83M,13.22%
30-Apr-20,8629.00,8770.60,9437.50,8425.50,2.04M,-1.62%
01-May-20,8821.60,8628.60,9040.30,8621.00,1.11M,2.23%
02-May-20,8966.30,8821.60,8986.20,8771.30,890.34K,1.64%
03-May-20,8885.50,8966.20,9169.90,8742.20,1.15M,-0.90%
04-May-20,8874.70,8885.50,8945.50,8553.20,1.12M,-0.12%
05-May-20,9001.00,8874.20,9078.70,8800.40,1.05M,1.42%
06-May-20,9151.40,9000.60,9373.70,8923.60,1.62M,1.67%
07-May-20,9979.80,9152.70,10033.00,9064.80,1.91M,9.05%
08-May-20,9806.20,9980.10,10018.20,9731.40,1.42M,-1.74%
09-May-20,9554.60,9806.00,9910.50,9533.60,1.49M,-2.57%
10-May-20,8738.80,9553.90,9569.40,8259.30,2.47M,-8.54%
11-May-20,8579.80,8737.60,9129.60,8235.60,2.29M,-1.82%
12-May-20,8813.80,8569.80,8964.50,8542.80,1.35M,2.73%
13-May-20,9298.70,8813.90,9384.60,8799.10,1.50M,5.50%
14-May-20,9778.40,9298.70,9887.50,9265.80,1.77M,5.16%
15-May-20,9318.00,9778.60,9819.60,9223.20,1.56M,-4.71%
16-May-20,9379.50,9318.10,9579.00,9233.00,1.10M,0.66%
17-May-20,9677.70,9376.60,9866.00,9327.80,1.18M,3.18%
18-May-20,9730.70,9678.40,9930.20,9524.40,1.18M,0.55%
19-May-20,9773.30,9730.80,9883.90,9498.70,1.16M,0.44%
20-May-20,9512.30,9773.00,9829.30,9368.40,1.15M,-2.67%
21-May-20,9059.00,9511.60,9567.10,8833.60,1.41M,-4.76%
22-May-20,9169.70,9058.20,9253.50,8952.10,914.59K,1.22%
23-May-20,9177.00,9169.80,9303.20,9098.90,812.56K,0.08%
24-May-20,8728.20,9177.90,9292.00,8724.10,1.11M,-4.89%
25-May-20,8898.20,8728.00,8959.50,8666.10,941.89K,1.95%
26-May-20,8842.50,8897.70,8994.60,8713.90,784.92K,-0.63%
27-May-20,9199.10,8842.30,9210.90,8818.60,810.89K,4.03%
28-May-20,9572.20,9199.80,9610.80,9119.20,948.86K,4.06%
29-May-20,9424.80,9573.40,9596.50,9358.10,814.33K,-1.54%
30-May-20,9692.50,9424.80,9729.90,9352.70,720.62K,2.84%
31-May-20,9454.80,9692.90,9695.60,9406.20,645.27K,-2.45%
01-Jun-20,10189.30,9454.50,10301.80,9429.70,796.68K,7.77%
02-Jun-20,9527.60,10190.70,10207.30,9347.30,1.06M,-6.49%
03-Jun-20,9667.20,9527.00,9667.20,9421.70,558.12K,1.47%
04-Jun-20,9794.40,9667.20,9864.40,9490.90,593.66K,1.32%
05-Jun-20,9631.20,9794.00,9846.10,9628.70,527.05K,-1.67%
06-Jun-20,9669.60,9630.80,9733.10,9549.50,370.85K,0.40%
07-Jun-20,9742.60,9669.60,9791.80,9417.40,549.20K,0.76%
08-Jun-20,9777.90,9743.40,9788.20,9662.30,431.04K,0.36%
09-Jun-20,9768.80,9777.70,9857.20,9616.60,479.55K,-0.09%
10-Jun-20,9878.80,9768.80,9970.90,9710.70,533.55K,1.13%
11-Jun-20,9283.20,9878.90,9945.20,9139.10,919.30K,-6.03%
12-Jun-20,9466.60,9283.70,9547.50,9249.40,529.28K,1.97%
13-Jun-20,9471.30,9466.50,9484.90,9369.90,364.97K,0.05%
14-Jun-20,9345.30,9470.70,9474.70,9264.40,311.27K,-1.33%
15-Jun-20,9425.40,9345.50,9489.70,8925.60,750.90K,0.86%
16-Jun-20,9523.50,9425.60,9577.10,9379.30,545.47K,1.04%
17-Jun-20,9464.60,9523.60,9543.60,9258.20,446.45K,-0.62%
18-Jun-20,9388.10,9464.60,9480.40,9289.30,391.67K,-0.81%
19-Jun-20,9314.00,9390.30,9424.00,9249.60,478.49K,-0.79%
20-Jun-20,9358.80,9314.00,9394.50,9199.80,383.44K,0.48%
21-Jun-20,9296.40,9358.80,9411.20,9288.50,335.99K,-0.67%
22-Jun-20,9683.70,9296.50,9751.90,9285.80,523.32K,4.17%
23-Jun-20,9624.60,9683.90,9715.60,9581.80,375.49K,-0.61%
24-Jun-20,9302.00,9624.60,9667.40,9223.00,515.78K,-3.35%
25-Jun-20,9247.50,9300.80,9327.30,9022.60,524.45K,-0.59%
26-Jun-20,9160.00,9247.50,9296.50,9060.10,489.84K,-0.95%
27-Jun-20,9008.30,9160.50,9190.50,8865.30,441.93K,-1.66%
28-Jun-20,9124.00,9008.40,9185.50,8950.20,329.01K,1.28%
29-Jun-20,9185.40,9122.80,9229.10,9033.60,401.12K,0.67%
30-Jun-20,9135.40,9186.00,9199.80,9075.30,381.73K,-0.54%
01-Jul-20,9229.90,9135.90,9289.00,9101.10,366.78K,1.03%
02-Jul-20,9085.10,9229.90,9259.70,8962.10,483.10K,-1.57%
03-Jul-20,9067.10,9085.00,9120.40,9050.90,333.88K,-0.20%
04-Jul-20,9134.40,9067.10,9182.30,9049.60,261.25K,0.74%
05-Jul-20,9081.00,9134.30,9149.60,8932.10,314.10K,-0.58%
06-Jul-20,9339.00,9080.40,9363.00,9063.20,510.27K,2.84%
07-Jul-20,9256.00,9338.80,9371.20,9209.30,420.55K,-0.89%
08-Jul-20,9429.90,9256.30,9458.30,9233.10,509.94K,1.88%
09-Jul-20,9235.70,9430.10,9434.50,9176.00,444.27K,-2.06%
10-Jul-20,9285.10,9239.00,9309.80,9131.90,418.47K,0.53%
11-Jul-20,9233.30,9285.80,9295.50,9184.20,353.92K,-0.56%
12-Jul-20,9300.80,9234.20,9337.80,9170.40,366.88K,0.73%
13-Jul-20,9243.60,9300.50,9329.60,9207.60,456.87K,-0.62%
14-Jul-20,9253.40,9243.10,9274.80,9135.70,453.83K,0.11%
15-Jul-20,9198.70,9253.60,9270.20,9168.70,429.84K,-0.59%
16-Jul-20,9135.30,9198.70,9224.20,9052.00,429.04K,-0.69%
17-Jul-20,9155.80,9135.40,9181.90,9091.50,310.92K,0.22%
18-Jul-20,9170.20,9155.80,9198.80,9126.70,276.40K,0.16%
19-Jul-20,9208.00,9170.10,9224.80,9106.40,265.25K,0.41%
20-Jul-20,9162.40,9208.10,9218.40,9139.90,312.98K,-0.50%
21-Jul-20,9387.30,9162.30,9426.90,9155.10,458.99K,2.46%
22-Jul-20,9513.70,9387.40,9523.10,9296.00,386.00K,1.35%
23-Jul-20,9599.60,9513.60,9646.50,9451.10,425.66K,0.90%
24-Jul-20,9546.40,9599.20,9626.20,9480.50,359.16K,-0.55%
25-Jul-20,9704.10,9546.70,9729.30,9536.20,306.29K,1.65%
26-Jul-20,9932.50,9690.00,10086.60,9645.90,415.07K,2.35%
27-Jul-20,11022.80,9932.70,11367.00,9894.60,908.99K,10.98%
28-Jul-20,10908.50,10961.10,11046.10,10873.60,658.37K,-1.04%
29-Jul-20,11105.90,10908.40,11336.50,10771.80,576.83K,1.81%
30-Jul-20,11096.20,11105.80,11164.40,10861.60,501.14K,-0.09%
31-Jul-20,11333.40,11096.50,11434.80,10964.60,530.95K,2.14%
01-Aug-20,11803.10,11333.20,11847.70,11226.10,611.47K,4.14%
02-Aug-20,11066.80,11802.60,12061.10,10730.70,647.95K,-6.24%
03-Aug-20,11224.40,11066.90,11461.10,10981.60,470.24K,1.42%
04-Aug-20,11184.70,11223.80,11407.80,11043.00,485.79K,-0.35%
05-Aug-20,11735.10,11184.80,11771.50,11114.50,570.83K,4.92%
06-Aug-20,11757.10,11735.00,11898.40,11563.00,554.85K,0.19%
07-Aug-20,11592.00,11757.10,11901.80,11352.40,517.00K,-1.40%
08-Aug-20,11764.30,11591.60,11805.50,11533.50,317.06K,1.49%
09-Aug-20,11681.20,11764.40,11792.80,11527.50,303.00K,-0.71%
10-Aug-20,11889.20,11681.10,12041.10,11546.90,564.11K,1.78%
11-Aug-20,11390.40,11889.20,11931.80,11146.70,615.90K,-4.19%
12-Aug-20,11557.20,11390.40,11605.40,11190.60,549.59K,1.46%
13-Aug-20,11770.90,11557.20,11772.90,11298.40,545.67K,1.85%
14-Aug-20,11750.80,11771.10,11835.50,11651.50,435.44K,-0.17%
15-Aug-20,11845.30,11751.10,11964.00,11711.50,499.10K,0.80%
16-Aug-20,11899.00,11845.50,11922.50,11688.90,410.81K,0.45%
17-Aug-20,12282.60,11898.80,12444.10,11764.00,628.41K,3.22%
18-Aug-20,11947.60,12283.00,12381.40,11842.00,606.79K,-2.73%
19-Aug-20,11750.20,11944.40,12013.20,11602.60,550.26K,-1.65%
20-Aug-20,11856.90,11751.00,11881.00,11672.70,430.93K,0.91%
21-Aug-20,11529.20,11856.90,11877.40,11495.60,506.38K,-2.76%
22-Aug-20,11661.30,11529.20,11677.00,11382.10,433.98K,1.15%
23-Aug-20,11641.60,11661.10,11705.40,11520.80,377.33K,-0.17%
24-Aug-20,11753.50,11641.60,11824.60,11587.10,429.13K,0.96%
25-Aug-20,11324.80,11752.90,11766.90,11131.00,594.07K,-3.65%
26-Aug-20,11462.30,11324.90,11533.60,11254.60,513.06K,1.21%
27-Aug-20,11327.40,11462.30,11580.30,11135.30,560.59K,-1.18%
28-Aug-20,11527.40,11327.50,11539.00,11281.90,464.94K,1.77%
29-Aug-20,11468.10,11527.80,11576.80,11433.50,389.85K,-0.51%
30-Aug-20,11702.00,11468.10,11704.20,11462.60,409.36K,2.04%
31-Aug-20,11644.20,11701.10,11760.20,11563.80,496.14K,-0.49%
01-Sep-20,11914.90,11644.20,12045.90,11544.60,580.69K,2.32%
02-Sep-20,11413.30,11914.40,11947.50,11244.90,20.26M,-4.21%
03-Sep-20,10168.80,11413.20,11442.70,10009.50,9.65M,-10.90%
04-Sep-20,10472.50,10168.70,10614.20,9960.30,12.50M,2.99%
05-Sep-20,10092.20,10472.30,10558.70,9897.80,14.72M,-3.63%
06-Sep-20,10296.40,10092.20,10337.70,10004.70,12.12M,2.02%
07-Sep-20,10376.90,10296.40,10400.90,9887.00,12.40M,0.78%
08-Sep-20,10126.60,10376.90,10434.40,9877.10,113.90K,-2.41%
09-Sep-20,10224.60,10126.80,10343.30,9984.60,71.37K,0.97%
10-Sep-20,10339.70,10224.30,10480.30,10219.20,88.01K,1.13%
11-Sep-20,10390.20,10339.80,10398.80,10212.60,62.28K,0.49%
12-Sep-20,10441.90,10390.20,10476.80,10275.90,48.49K,0.50%
13-Sep-20,10326.00,10441.70,10579.60,10219.40,66.12K,-1.11%
14-Sep-20,10675.30,10332.70,10744.30,10264.50,96.64K,3.38%
15-Sep-20,10785.30,10675.20,10931.80,10627.80,91.70K,1.03%
16-Sep-20,10949.50,10785.20,11093.30,10669.20,94.94K,1.52%
17-Sep-20,10941.30,10950.10,11039.30,10755.20,77.22K,-0.07%
18-Sep-20,10933.00,10941.30,11029.70,10818.70,63.48K,-0.08%
19-Sep-20,11081.80,10933.00,11177.10,10890.70,51.63K,1.36%
20-Sep-20,10921.50,11081.60,11081.60,10772.70,53.39K,-1.45%
21-Sep-20,10416.80,10919.90,10987.20,10328.50,109.85K,-4.62%
22-Sep-20,10531.50,10419.40,10570.70,10361.70,63.52K,1.10%
23-Sep-20,10237.30,10531.50,10535.40,10146.60,74.95K,-2.79%
24-Sep-20,10739.40,10238.10,10787.80,10201.00,82.95K,4.90%
25-Sep-20,10688.80,10739.90,10756.00,10558.90,71.43K,-0.47%
26-Sep-20,10727.90,10688.90,10793.30,10650.20,37.85K,0.37%
27-Sep-20,10776.20,10727.90,10799.20,10602.70,40.92K,0.45%
28-Sep-20,10693.20,10776.40,10946.60,10685.20,72.29K,-0.77%
29-Sep-20,10840.90,10694.30,10858.40,10642.40,59.64K,1.38%
30-Sep-20,10776.10,10843.40,10847.70,10667.60,55.55K,-0.60%
01-Oct-20,10620.50,10776.60,10913.70,10462.70,95.33K,-1.44%
02-Oct-20,10572.30,10619.60,10662.90,10387.60,77.94K,-0.45%
03-Oct-20,10544.20,10572.20,10597.80,10501.20,29.10K,-0.27%
04-Oct-20,10672.90,10544.40,10693.30,10520.80,31.40K,1.22%
05-Oct-20,10789.50,10672.50,10789.60,10623.40,48.86K,1.09%
06-Oct-20,10602.60,10790.20,10800.30,10530.80,69.07K,-1.73%
07-Oct-20,10670.90,10601.00,10680.10,10553.30,49.27K,0.64%
08-Oct-20,10924.10,10670.70,10948.60,10549.60,79.78K,2.37%
09-Oct-20,11054.20,10923.50,11103.00,10836.90,70.95K,1.19%
10-Oct-20,11298.40,11053.50,11475.00,11053.10,65.81K,2.21%
11-Oct-20,11371.00,11295.60,11439.40,11277.60,41.06K,0.64%
12-Oct-20,11533.90,11370.80,11715.90,11227.40,84.02K,1.43%
13-Oct-20,11423.80,11533.50,11558.00,11315.90,64.67K,-0.95%
14-Oct-20,11420.40,11424.40,11541.00,11293.50,59.12K,-0.03%
15-Oct-20,11503.00,11421.40,11590.90,11276.70,70.84K,0.72%
16-Oct-20,11322.00,11503.20,11542.20,11224.60,71.42K,-1.57%
17-Oct-20,11362.10,11321.80,11402.70,11274.40,29.86K,0.35%
18-Oct-20,11506.90,11362.10,11506.90,11349.80,31.51K,1.27%
19-Oct-20,11753.40,11507.10,11823.30,11413.90,73.04K,2.14%
20-Oct-20,11913.50,11753.90,12029.40,11685.70,94.59K,1.36%
21-Oct-20,12808.70,11913.60,13213.50,11894.60,197.72K,7.51%
22-Oct-20,12974.60,12805.50,13183.90,12698.20,113.31K,1.30%
23-Oct-20,12934.10,12972.70,13025.50,12738.90,73.94K,-0.31%
24-Oct-20,13117.20,12933.60,13161.50,12876.40,51.20K,1.42%
25-Oct-20,13032.20,13117.00,13345.30,12900.40,59.73K,-0.65%
26-Oct-20,13061.60,13033.00,13229.70,12792.40,89.47K,0.23%
27-Oct-20,13657.80,13061.50,13782.30,13050.30,128.64K,4.56%
28-Oct-20,13278.90,13658.30,13851.70,12907.60,144.18K,-2.77%
29-Oct-20,13457.20,13278.30,13640.00,12982.90,111.23K,1.34%
30-Oct-20,13559.90,13457.00,13667.90,13134.50,108.77K,0.76%
31-Oct-20,13797.30,13560.20,14065.40,13441.70,102.75K,1.75%
01-Nov-20,13759.40,13795.50,13889.50,13628.70,51.71K,-0.27%
02-Nov-20,13561.40,13759.70,13828.40,13214.20,97.76K,-1.44%
03-Nov-20,14019.90,13560.50,14054.00,13294.60,108.17K,3.38%
04-Nov-20,14145.60,14023.00,14238.80,13544.40,140.80K,0.90%
05-Nov-20,15587.10,14145.60,15739.90,14099.70,227.49K,10.19%
06-Nov-20,15577.90,15593.90,15955.20,15223.50,186.13K,-0.06%
07-Nov-20,14828.40,15578.20,15754.40,14385.10,160.73K,-4.81%
08-Nov-20,15483.70,14826.60,15648.30,14720.70,94.99K,4.42%
09-Nov-20,15327.20,15483.30,15819.60,14816.90,165.04K,-1.01%
10-Nov-20,15303.60,15328.00,15465.30,15096.50,93.36K,-0.15%
11-Nov-20,15695.80,15303.10,15953.90,15281.00,119.07K,2.56%
12-Nov-20,16294.70,15695.80,16342.70,15483.50,165.54K,3.82%
13-Nov-20,16324.20,16293.00,16474.10,15973.40,113.75K,0.18%
14-Nov-20,16071.00,16323.10,16328.20,15717.70,83.64K,-1.55%
15-Nov-20,15953.00,16074.70,16158.10,15782.30,58.43K,-0.73%
16-Nov-20,16715.80,15954.10,16880.70,15870.70,118.09K,4.78%
17-Nov-20,17662.30,16715.80,17845.40,16562.00,175.87K,5.66%
18-Nov-20,17774.60,17662.30,18466.10,17258.90,233.43K,0.64%
19-Nov-20,17803.50,17775.10,18166.00,17380.10,135.94K,0.16%
20-Nov-20,18675.20,17805.50,18811.00,17758.40,134.42K,4.90%
21-Nov-20,18687.20,18673.80,18966.00,18397.50,108.91K,0.06%
22-Nov-20,18412.90,18689.30,18751.50,17644.60,121.76K,-1.47%
23-Nov-20,18379.60,18428.10,18756.80,18016.00,127.35K,-0.18%
24-Nov-20,19152.60,18394.60,19416.60,18074.80,180.79K,4.21%
25-Nov-20,18723.00,19151.50,19486.70,18527.70,146.12K,-2.24%
26-Nov-20,17162.00,18721.90,18894.90,16235.20,312.07K,-8.34%
27-Nov-20,17127.10,17160.90,17450.30,16481.60,138.80K,-0.20%
28-Nov-20,17730.70,17142.60,17874.40,16874.40,95.20K,3.52%
29-Nov-20,18185.50,17729.70,18336.30,17530.40,79.12K,2.57%
30-Nov-20,19698.10,18186.00,19831.20,18186.00,185.59K,8.32%
01-Dec-20,18770.70,19697.80,19897.40,18257.00,208.72K,-4.71%
02-Dec-20,19218.80,18767.90,19335.50,18346.70,91.92K,2.39%
03-Dec-20,19433.30,19219.80,19596.60,18883.70,99.97K,1.12%
04-Dec-20,18658.10,19431.10,19529.50,18610.80,110.63K,-3.99%
05-Dec-20,19146.50,18657.50,19172.70,18507.10,59.44K,2.62%
06-Dec-20,19379.90,19146.00,19417.10,18873.00,54.56K,1.22%
07-Dec-20,19170.70,19368.40,19424.60,18908.80,61.98K,-1.08%
08-Dec-20,18326.60,19170.80,19288.60,18229.20,101.41K,-4.40%
09-Dec-20,18546.00,18322.40,18637.90,17658.80,129.72K,1.20%
10-Dec-20,18247.20,18546.10,18551.80,17926.80,85.31K,-1.61%
11-Dec-20,18023.60,18250.50,18288.30,17600.10,111.53K,-1.23%
12-Dec-20,18808.90,18026.70,18936.20,18025.10,71.37K,4.36%
13-Dec-20,19176.80,18808.10,19403.60,18716.80,82.45K,1.96%
14-Dec-20,19273.80,19176.40,19346.50,19007.00,67.11K,0.51%
15-Dec-20,19434.90,19273.90,19556.30,19076.20,98.39K,0.84%
16-Dec-20,21352.20,19434.70,21525.30,19299.70,199.81K,9.87%
17-Dec-20,22825.40,21352.30,23738.00,21243.10,310.74K,6.90%
18-Dec-20,23127.90,22823.30,23272.80,22361.50,131.80K,1.33%
19-Dec-20,23844.00,23127.60,24107.10,22797.00,133.88K,3.10%
20-Dec-20,23474.90,23843.60,24280.90,23098.90,114.09K,-1.55%
21-Dec-20,22728.50,23474.10,24101.90,22015.50,154.69K,-3.18%
22-Dec-20,23823.20,22730.40,23825.40,22388.60,130.75K,4.82%
23-Dec-20,23257.90,23820.80,24063.70,22694.70,178.47K,-2.37%
24-Dec-20,23736.50,23253.20,23783.70,22737.30,104.59K,2.06%
25-Dec-20,24689.60,23728.70,24778.90,23445.30,2.40K,4.02%
26-Dec-20,26454.40,24714.70,26826.00,24515.10,155.77K,7.15%
27-Dec-20,26261.30,26460.30,28360.30,25858.20,231.23K,-0.73%
28-Dec-20,27057.80,26259.20,27444.90,26144.30,126.98K,3.03%
29-Dec-20,27376.00,27065.30,27390.70,25902.80,119.57K,1.18%
30-Dec-20,28868.70,27374.50,28979.30,27374.50,159.82K,5.45%
31-Dec-20,28949.40,28866.80,29298.80,28025.00,136.69K,0.28%
01-Jan-21,29359.90,28951.70,29627.10,28712.40,100.90K,1.42%
02-Jan-21,32193.30,29359.70,33233.50,29008.00,240.87K,9.65%
03-Jan-21,32958.90,32192.90,34755.90,32029.60,155.21K,2.38%
04-Jan-21,32022.60,33016.60,33587.50,28204.50,255.27K,-2.84%
05-Jan-21,33991.50,32015.40,34414.70,30010.50,202.13K,6.15%
06-Jan-21,36793.20,33999.30,36934.80,33408.30,227.56K,8.24%
07-Jan-21,39460.20,36798.50,40340.90,36361.20,249.60K,7.25%
08-Jan-21,40599.30,39466.40,41921.70,36613.40,251.29K,2.89%
09-Jan-21,40151.90,40607.20,41363.50,38775.10,128.42K,-1.10%
10-Jan-21,38192.20,40149.70,41362.40,35141.60,215.78K,-4.88%
11-Jan-21,35544.30,38195.30,38217.20,30411.60,251.04K,-6.93%
12-Jan-21,34076.10,35426.00,36598.70,32572.70,241.93K,-4.13%
13-Jan-21,37382.20,34061.20,37764.60,32451.90,209.93K,9.70%
14-Jan-21,39175.70,37383.40,40054.30,36772.10,172.40K,4.80%
15-Jan-21,36845.80,39175.70,39715.00,34488.70,118.42K,-5.95%
16-Jan-21,36019.50,36751.80,37931.70,35408.40,137.02K,-2.24%
17-Jan-21,35839.60,36020.10,36801.30,33883.50,126.82K,-0.50%
18-Jan-21,36613.20,35838.20,37436.80,34801.00,111.52K,2.16%
19-Jan-21,36002.90,36630.60,37821.00,36001.40,79.11K,-1.67%
20-Jan-21,35476.30,35862.10,36384.40,33444.50,153.61K,-1.46%
21-Jan-21,30842.10,35472.30,35591.10,30101.80,253.27K,-13.06%
22-Jan-21,33000.50,30838.70,33821.20,28871.20,243.09K,7.00%
23-Jan-21,32088.90,32994.10,33441.40,31418.20,100.70K,-2.76%
24-Jan-21,32241.30,32088.50,33034.80,30982.90,88.21K,0.47%
25-Jan-21,32252.30,32244.30,34854.30,31967.40,142.43K,0.03%
26-Jan-21,32502.10,32244.10,32917.70,30850.00,139.84K,0.77%
27-Jan-21,30404.00,32499.60,32545.40,29290.40,194.35K,-6.46%
28-Jan-21,33374.80,30408.90,33790.80,29911.90,167.39K,9.77%
29-Jan-21,34301.80,33381.70,38546.00,31953.30,297.73K,2.78%
30-Jan-21,34283.10,34300.00,34920.90,32908.50,128.57K,-0.05%
31-Jan-21,33108.10,34281.60,34348.30,32189.90,101.92K,-3.43%
01-Feb-21,33515.70,33106.80,34685.60,32324.90,126.32K,1.23%
02-Feb-21,35485.20,33514.00,35976.10,33462.40,120.85K,5.88%
03-Feb-21,37646.80,35486.90,37646.80,35401.50,131.03K,6.09%
04-Feb-21,36982.10,37648.90,38707.90,36380.80,151.44K,-1.77%
05-Feb-21,38297.60,36976.40,38303.60,36640.00,100.60K,3.56%
06-Feb-21,39256.60,38300.60,40939.70,38275.30,156.02K,2.50%
07-Feb-21,38852.90,39228.90,39691.70,37381.60,125.37K,-1.03%
08-Feb-21,46395.70,38853.60,46596.40,38057.00,248.47K,19.41%
09-Feb-21,46508.60,46396.40,48143.50,45104.70,193.87K,0.24%
10-Feb-21,44836.00,46507.80,47295.30,43800.50,151.83K,-3.60%
11-Feb-21,47990.70,44834.80,48622.10,44041.10,145.77K,7.04%
12-Feb-21,47371.70,47995.00,48927.40,46218.60,133.73K,-1.29%
13-Feb-21,47168.70,47373.10,48097.30,46270.50,89.42K,-0.43%
14-Feb-21,48643.40,47172.10,49695.10,47051.90,106.50K,3.13%
15-Feb-21,47936.30,48611.10,48936.50,45786.10,123.18K,-1.45%
16-Feb-21,49169.70,47934.20,50515.80,47044.40,141.37K,2.57%
17-Feb-21,52079.20,49161.30,52577.70,49018.10,140.03K,5.92%
18-Feb-21,51582.20,52094.50,52524.00,50941.60,94.35K,-0.95%
19-Feb-21,55906.60,51590.10,56238.50,50816.80,139.43K,8.38%
20-Feb-21,55923.70,55922.00,57523.80,54124.10,127.85K,0.03%
21-Feb-21,57433.80,55907.60,58335.10,55502.70,87.26K,2.70%
22-Feb-21,54111.80,57437.60,57480.80,48353.80,244.95K,-5.78%
23-Feb-21,48911.20,54114.10,54115.00,45093.80,315.07K,-9.61%
24-Feb-21,49697.50,48911.10,51311.80,47031.70,153.75K,1.61%
25-Feb-21,46928.50,49695.90,52013.80,46773.70,83.22K,-5.57%
26-Feb-21,46345.60,46928.50,48413.90,44248.20,189.41K,-1.24%
27-Feb-21,46136.70,46333.10,48335.10,45059.40,98.75K,-0.45%
28-Feb-21,45164.00,46136.00,46582.00,43100.60,135.08K,-2.11%
01-Mar-21,49595.50,45160.50,49774.00,45008.80,137.52K,9.81%
02-Mar-21,48424.20,49595.60,50191.90,47100.60,102.10K,-2.36%
03-Mar-21,50395.10,48422.20,52567.90,48159.20,44.93K,4.07%
04-Mar-21,48428.00,50388.00,51757.70,47521.80,9.56K,-3.90%
05-Mar-21,48792.50,48363.60,49429.40,46370.10,113.64K,0.75%
06-Mar-21,48855.60,48798.70,49191.80,47132.80,66.66K,0.13%
07-Mar-21,50982.30,48899.00,51434.10,48890.60,82.91K,4.35%
08-Mar-21,52311.00,50988.90,52384.90,49338.10,68.14K,2.61%
09-Mar-21,54879.00,52352.40,54880.60,51941.30,114.06K,4.91%
10-Mar-21,55851.90,54882.70,57328.70,53073.60,140.96K,1.77%
11-Mar-21,57799.50,55851.20,58135.00,54351.80,129.63K,3.49%
12-Mar-21,57265.10,57806.20,58052.30,55134.50,116.96K,-0.92%
13-Mar-21,61195.30,57267.40,61795.80,56118.80,134.64K,6.86%
14-Mar-21,59113.70,61192.70,61673.70,59113.70,80.29K,-3.40%
15-Mar-21,55791.30,59117.40,60565.90,55088.80,117.71K,-5.62%
16-Mar-21,56889.70,55619.50,56889.70,53342.60,128.51K,1.97%
17-Mar-21,58913.50,56892.90,58933.20,54253.20,118.26K,3.56%
18-Mar-21,57656.00,58911.80,60088.00,57099.60,102.62K,-2.13%
19-Mar-21,58088.00,57645.00,59448.30,56305.10,83.98K,0.75%
20-Mar-21,58093.40,58084.10,59882.10,57863.00,67.83K,0.01%
21-Mar-21,57383.80,58097.40,58583.80,55583.30,77.47K,-1.22%
22-Mar-21,54158.30,57379.30,58379.90,53784.20,95.53K,-5.62%
23-Mar-21,54452.50,54117.50,55813.80,52992.30,84.84K,0.54%
24-Mar-21,52325.40,54309.10,57169.40,51725.40,137.91K,-3.91%
25-Mar-21,51322.30,52330.00,53175.40,50441.30,143.35K,-1.92%
26-Mar-21,55036.10,51317.40,55074.10,51302.00,100.30K,7.24%
27-Mar-21,55862.90,55033.80,56531.10,54010.20,73.87K,1.50%
28-Mar-21,55765.20,55856.90,56504.20,54711.30,58.71K,-0.17%
29-Mar-21,57616.20,55764.70,58392.60,54951.10,107.91K,3.32%
30-Mar-21,58771.30,57614.60,59366.90,57077.10,86.21K,2.00%
31-Mar-21,58763.70,58771.40,59795.60,56991.60,98.06K,-0.01%
01-Apr-21,58718.30,58763.20,59406.50,58040.70,69.04K,-0.08%
02-Apr-21,58977.30,58718.20,60134.90,58466.50,72.37K,0.44%
03-Apr-21,57059.90,58976.80,59770.50,56906.70,68.74K,-3.25%
04-Apr-21,58199.90,57059.70,58464.80,56470.60,57.21K,2.00%
05-Apr-21,58993.40,58202.30,59205.10,56842.70,54.13K,1.36%
06-Apr-21,57996.30,59169.00,59487.00,57403.30,77.15K,-1.69%
07-Apr-21,55948.70,57996.30,58627.70,55489.30,110.69K,-3.53%
08-Apr-21,58077.40,55948.00,58136.70,55721.60,64.78K,3.80%
09-Apr-21,58118.70,58076.80,58890.90,57686.00,59.22K,0.07%
10-Apr-21,59748.40,58127.40,61229.00,57900.00,103.72K,2.80%
11-Apr-21,59978.70,59772.40,60667.10,59250.30,58.20K,0.39%
12-Apr-21,59863.80,59982.10,61259.90,59569.20,81.88K,-0.19%
13-Apr-21,63540.90,59863.60,63659.00,59839.40,126.56K,6.14%
14-Apr-21,62980.40,63544.20,64778.00,61366.30,130.43K,-0.88%
15-Apr-21,63216.00,62978.60,63729.10,62067.50,76.97K,0.37%
16-Apr-21,61379.70,63211.60,63518.50,60027.30,136.85K,-2.90%
17-Apr-21,60041.90,61358.30,62509.10,59672.10,84.08K,-2.18%
18-Apr-21,56207.10,60043.20,60362.10,51817.60,216.81K,-6.39%
19-Apr-21,55646.10,56208.10,57517.00,54272.30,117.51K,-1.00%
20-Apr-21,56483.20,55645.10,57054.90,53422.50,115.49K,1.50%
21-Apr-21,53820.20,56479.50,56764.40,53657.60,100.26K,-4.71%
22-Apr-21,51729.50,53821.30,55408.40,50590.90,168.13K,-3.88%
23-Apr-21,51143.60,51707.10,52099.90,47659.40,214.46K,-1.13%
24-Apr-21,50088.90,51140.80,51183.00,48775.20,82.25K,-2.06%
25-Apr-21,48963.60,50088.20,50532.40,47098.50,59.20K,-2.25%
26-Apr-21,54020.50,48963.50,54320.90,48815.90,129.76K,10.33%
27-Apr-21,55036.50,54011.10,55427.80,53345.00,84.08K,1.88%
28-Apr-21,54841.40,55036.00,56419.90,53876.40,86.96K,-0.35%
29-Apr-21,53560.80,54838.60,55173.70,52400.00,83.90K,-2.34%
30-Apr-21,57720.30,53562.30,57925.60,53088.70,103.74K,7.77%
01-May-21,57807.10,57719.10,58449.40,57029.50,63.41K,0.15%
02-May-21,56603.80,57807.20,57868.40,56110.50,53.61K,-2.08%
03-May-21,57169.80,56605.80,58925.10,56562.40,89.24K,1.00%
04-May-21,53741.50,57170.60,57201.30,53741.50,132.33K,-6.00%
05-May-21,57441.30,53872.50,57936.40,53872.50,119.82K,6.88%
06-May-21,56405.40,57441.00,58364.90,55294.50,109.02K,-1.80%
07-May-21,57337.20,56411.40,58639.30,55300.10,110.01K,1.65%
08-May-21,58840.10,57330.30,59471.10,56972.20,101.27K,2.62%
09-May-21,58238.30,58840.60,59227.00,56414.40,103.59K,-1.02%
10-May-21,55848.90,58251.20,59523.90,53678.30,142.61K,-4.10%
11-May-21,56695.70,55846.10,56871.10,54550.40,96.47K,1.52%
12-May-21,49384.20,56694.50,57938.50,49187.00,160.74K,-12.90%
13-May-21,49704.60,49398.20,51337.30,46331.10,236.71K,0.65%
14-May-21,49839.80,49704.90,51459.20,48874.00,118.84K,0.27%
15-May-21,46708.80,49839.10,50640.90,46650.20,131.91K,-6.28%
16-May-21,46426.40,46729.30,49764.30,43920.80,180.07K,-0.60%
17-May-21,43541.30,46424.20,46545.40,42201.50,274.76K,-6.21%
18-May-21,42897.30,43538.50,45770.90,42293.90,154.96K,-1.48%
19-May-21,36720.50,42898.30,43516.60,30261.70,607.10K,-14.40%
20-May-21,40717.20,36706.80,42425.90,35010.40,269.75K,10.88%
21-May-21,37297.40,40611.20,42108.30,33592.30,315.50K,-8.40%
22-May-21,37448.30,37291.00,38776.00,35314.90,185.83K,0.40%
23-May-21,34105.10,37446.80,38248.70,32732.90,238.58K,-8.93%
